routename,distKM,time
Lisboa-Monte Pascoal - BA,7693.29,69
Lisboa-Cananor,18144.33,159
Lisboa-Ilhas Canárias,1466.84,16
Lisboa-Santiago - Cabo Verde,3081.47,29
Lisboa-Baía de Santa Helena,9785.09,87
Lisboa-Cabo da Boa esperança,9703.19,86
Lisboa-Mossel Bay,9997.57,89
Lisboa-Natal,11260.85,100
Lisboa-Quelimane,12617.71,111
Lisboa-Ilha de moçambique,13214.39,117
Lisboa-Mombaça,14520.13,128
Lisboa-Malindi,14623.79,129
Lisboa-Goa,18678.8,164
Lisboa-Calicute,18116.38,159
Lisboa-Ceuta,726.73,9
Lisboa-Tanger,523.51,7
Lisboa-Arzila,556.84,8
Lisboa-Alcácer-Quibir,605.08,8
Lisboa-Cochin,18013.09,158
Lisboa-Goa,18678.8,164
Lisboa-Tidore,21913.7,191
Lisboa-Sohar,18360.54,161
Lisboa-Trincomalee,18167.68,159
Lisboa-Malaca,20218.77,177
Lisboa-São Tomé de Meliapor,18716.35,164
Lisboa-Negapatão,18914.84,166
Lisboa-Diu,18287.34,160
Lisboa-Mascate,18070.64,158
Lisboa-Macau,22638.3,198
Lisboa-Amboíno,21800.89,190
Lisboa-Socotra,16496.08,145
Lisboa-Bombaim,18275.02,160
Lisboa-Quiloa,14514.89,128
Lisboa-Porto,639.42,8
Lisboa-Olinda,5928.54,54
Lisboa-São Jorge dos Ilhéus,6864.12,62
Lisboa-Natal - Capitania do Rio Grande,5769.28,53
Lisboa-Salvador,6749.4,61
Lisboa-Porto Seguro,7745.21,70
Lisboa-Rio de Janeiro,7984.01,72
Lisboa-Vila do Espírito Santo,7444.02,67
Monte Pascoal - BA-Lisboa,7693.29,69
Monte Pascoal - BA-Cananor,14760.18,130
Monte Pascoal - BA-Ilhas Canárias,6394.57,58
Monte Pascoal - BA-Santiago - Cabo Verde,4686.43,43
Monte Pascoal - BA-Baía de Santa Helena,6596.49,60
Monte Pascoal - BA-Cabo da Boa esperança,6514.59,59
Monte Pascoal - BA-Mossel Bay,6808.97,61
Monte Pascoal - BA-Natal,7876.7,71
Monte Pascoal - BA-Quelimane,9233.57,82
Monte Pascoal - BA-Ilha de moçambique,9830.24,87
Monte Pascoal - BA-Mombaça,11135.98,99
Monte Pascoal - BA-Malindi,11239.64,100
Monte Pascoal - BA-Goa,15294.66,134
Monte Pascoal - BA-Calicute,14732.23,130
Monte Pascoal - BA-Ceuta,7727.85,69
Monte Pascoal - BA-Tanger,7524.63,68
Monte Pascoal - BA-Arzila,7557.96,68
Monte Pascoal - BA-Alcácer-Quibir,7606.21,68
Monte Pascoal - BA-Cochin,14628.94,129
Monte Pascoal - BA-Goa,15294.66,134
Monte Pascoal - BA-Tidore,18529.56,162
Monte Pascoal - BA-Sohar,14976.39,132
Monte Pascoal - BA-Trincomalee,14783.53,130
Monte Pascoal - BA-Malaca,16834.62,148
Monte Pascoal - BA-São Tomé de Meliapor,15332.21,135
Monte Pascoal - BA-Negapatão,15530.69,136
Monte Pascoal - BA-Diu,14903.2,131
Monte Pascoal - BA-Mascate,14686.49,129
Monte Pascoal - BA-Macau,19254.15,168
Monte Pascoal - BA-Amboíno,18416.75,161
Monte Pascoal - BA-Socotra,13111.93,116
Monte Pascoal - BA-Bombaim,14890.87,131
Monte Pascoal - BA-Quiloa,11130.74,99
Monte Pascoal - BA-Porto,7924.01,71
Monte Pascoal - BA-Olinda,2418.07,24
Monte Pascoal - BA-São Jorge dos Ilhéus,235.95,5
Monte Pascoal - BA-Natal - Capitania do Rio Grande,2258.81,22
Monte Pascoal - BA-Salvador,444.86,7
Monte Pascoal - BA-Porto Seguro,61.47,3
Monte Pascoal - BA-Rio de Janeiro,978.17,11
Monte Pascoal - BA-Vila do Espírito Santo,391.44,6
Cananor-Lisboa,18144.33,159
Cananor-Monte Pascoal - BA,14760.18,130
Cananor-Ilhas Canárias,16852.54,148
Cananor-Santiago - Cabo Verde,15682.82,138
Cananor-Baía de Santa Helena,8842.69,79
Cananor-Cabo da Boa esperança,8760.79,78
Cananor-Mossel Bay,9055.18,81
Cananor-Natal,7073.58,64
Cananor-Quelimane,6819.04,62
Cananor-Ilha de moçambique,5138.24,47
Cananor-Mombaça,4733.59,44
Cananor-Malindi,4837.25,44
Cananor-Goa,407.48,6
Cananor-Calicute,78.18,4
Cananor-Ceuta,18128.44,159
Cananor-Tanger,17925.22,157
Cananor-Arzila,17958.55,157
Cananor-Alcácer-Quibir,18006.8,158
Cananor-Cochin,234.96,5
Cananor-Goa,407.48,6
Cananor-Tidore,7152.94,64
Cananor-Sohar,2968.33,28
Cananor-Trincomalee,1542.38,16
Cananor-Malaca,3800.16,36
Cananor-São Tomé de Meliapor,2091.06,21
Cananor-Negapatão,504.67,7
Cananor-Diu,1744.24,18
Cananor-Mascate,2678.43,26
Cananor-Macau,6666.04,60
Cananor-Amboíno,7040.13,63
Cananor-Socotra,2790.08,27
Cananor-Bombaim,1346.96,14
Cananor-Quiloa,5246.56,48
Cananor-Porto,18381.97,161
Cananor-Olinda,15054.53,132
Cananor-São Jorge dos Ilhéus,14931.12,131
Cananor-Natal - Capitania do Rio Grande,14895.27,131
Cananor-Salvador,14816.4,130
Cananor-Porto Seguro,14812.1,130
Cananor-Rio de Janeiro,14568.16,128
Cananor-Vila do Espírito Santo,14510.91,128
Ilhas Canárias-Lisboa,1466.84,16
Ilhas Canárias-Monte Pascoal - BA,6394.57,58
Ilhas Canárias-Cananor,16852.54,148
Ilhas Canárias-Santiago - Cabo Verde,1782.75,18
Ilhas Canárias-Baía de Santa Helena,8493.3,76
Ilhas Canárias-Cabo da Boa esperança,8411.4,75
Ilhas Canárias-Mossel Bay,8705.78,78
Ilhas Canárias-Natal,9969.06,89
Ilhas Canárias-Quelimane,11325.92,100
Ilhas Canárias-Ilha de moçambique,11922.6,105
Ilhas Canárias-Mombaça,13228.34,117
Ilhas Canárias-Malindi,13332,118
Ilhas Canárias-Goa,17387.01,152
Ilhas Canárias-Calicute,16824.59,148
Ilhas Canárias-Ceuta,1535.44,16
Ilhas Canárias-Tanger,1332.22,14
Ilhas Canárias-Arzila,1365.55,15
Ilhas Canárias-Alcácer-Quibir,1413.8,15
Ilhas Canárias-Cochin,16721.3,147
Ilhas Canárias-Goa,17387.01,152
Ilhas Canárias-Tidore,20621.91,180
Ilhas Canárias-Sohar,17068.75,150
Ilhas Canárias-Trincomalee,16875.89,148
Ilhas Canárias-Malaca,18926.97,166
Ilhas Canárias-São Tomé de Meliapor,17424.56,153
Ilhas Canárias-Negapatão,17623.05,154
Ilhas Canárias-Diu,16995.55,149
Ilhas Canárias-Mascate,16778.84,147
Ilhas Canárias-Macau,21346.51,186
Ilhas Canárias-Amboíno,20509.1,179
Ilhas Canárias-Socotra,15204.28,134
Ilhas Canárias-Bombaim,16983.23,149
Ilhas Canárias-Quiloa,13223.09,117
Ilhas Canárias-Porto,1697.56,17
Ilhas Canárias-Olinda,4629.81,43
Ilhas Canárias-São Jorge dos Ilhéus,5565.4,51
Ilhas Canárias-Natal - Capitania do Rio Grande,4470.55,41
Ilhas Canárias-Salvador,5450.67,50
Ilhas Canárias-Porto Seguro,6446.49,58
Ilhas Canárias-Rio de Janeiro,6685.29,60
Ilhas Canárias-Vila do Espírito Santo,6145.3,56
Santiago - Cabo Verde-Lisboa,3081.47,29
Santiago - Cabo Verde-Monte Pascoal - BA,4686.43,43
Santiago - Cabo Verde-Cananor,15682.82,138
Santiago - Cabo Verde-Ilhas Canárias,1782.75,18
Santiago - Cabo Verde-Baía de Santa Helena,7323.58,66
Santiago - Cabo Verde-Cabo da Boa esperança,7241.68,65
Santiago - Cabo Verde-Mossel Bay,7536.07,68
Santiago - Cabo Verde-Natal,8799.35,79
Santiago - Cabo Verde-Quelimane,10156.21,90
Santiago - Cabo Verde-Ilha de moçambique,10752.88,95
Santiago - Cabo Verde-Mombaça,12058.62,107
Santiago - Cabo Verde-Malindi,12162.29,107
Santiago - Cabo Verde-Goa,16217.3,142
Santiago - Cabo Verde-Calicute,15654.87,138
Santiago - Cabo Verde-Ceuta,3150.07,30
Santiago - Cabo Verde-Tanger,2946.85,28
Santiago - Cabo Verde-Arzila,2980.18,29
Santiago - Cabo Verde-Alcácer-Quibir,3028.43,29
Santiago - Cabo Verde-Cochin,15551.58,137
Santiago - Cabo Verde-Goa,16217.3,142
Santiago - Cabo Verde-Tidore,19452.2,170
Santiago - Cabo Verde-Sohar,15899.03,140
Santiago - Cabo Verde-Trincomalee,15706.17,138
Santiago - Cabo Verde-Malaca,17757.26,156
Santiago - Cabo Verde-São Tomé de Meliapor,16254.85,143
Santiago - Cabo Verde-Negapatão,16453.33,144
Santiago - Cabo Verde-Diu,15825.84,139
Santiago - Cabo Verde-Mascate,15609.13,137
Santiago - Cabo Verde-Macau,20176.79,176
Santiago - Cabo Verde-Amboíno,19339.39,169
Santiago - Cabo Verde-Socotra,14034.57,124
Santiago - Cabo Verde-Bombaim,15813.51,139
Santiago - Cabo Verde-Quiloa,12053.38,107
Santiago - Cabo Verde-Porto,3312.18,31
Santiago - Cabo Verde-Olinda,2921.67,28
Santiago - Cabo Verde-São Jorge dos Ilhéus,3857.26,36
Santiago - Cabo Verde-Natal - Capitania do Rio Grande,2762.41,27
Santiago - Cabo Verde-Salvador,3742.53,35
Santiago - Cabo Verde-Porto Seguro,4738.35,44
Santiago - Cabo Verde-Rio de Janeiro,4977.15,46
Santiago - Cabo Verde-Vila do Espírito Santo,4437.16,41
Baía de Santa Helena-Lisboa,9785.09,87
Baía de Santa Helena-Monte Pascoal - BA,6596.49,60
Baía de Santa Helena-Cananor,8842.69,79
Baía de Santa Helena-Ilhas Canárias,8493.3,76
Baía de Santa Helena-Santiago - Cabo Verde,7323.58,66
Baía de Santa Helena-Cabo da Boa esperança,181.47,4
Baía de Santa Helena-Mossel Bay,414.08,6
Baía de Santa Helena-Natal,1959.21,20
Baía de Santa Helena-Quelimane,3316.07,31
Baía de Santa Helena-Ilha de moçambique,3912.75,37
Baía de Santa Helena-Mombaça,5218.49,48
Baía de Santa Helena-Malindi,5322.15,49
Baía de Santa Helena-Goa,9377.17,84
Baía de Santa Helena-Calicute,8814.74,79
Baía de Santa Helena-Ceuta,9769.21,87
Baía de Santa Helena-Tanger,9565.98,85
Baía de Santa Helena-Arzila,9599.31,85
Baía de Santa Helena-Alcácer-Quibir,9647.56,86
Baía de Santa Helena-Cochin,8711.45,78
Baía de Santa Helena-Goa,9377.17,84
Baía de Santa Helena-Tidore,12612.07,111
Baía de Santa Helena-Sohar,9058.9,81
Baía de Santa Helena-Trincomalee,8866.04,79
Baía de Santa Helena-Malaca,10917.13,97
Baía de Santa Helena-São Tomé de Meliapor,9414.72,84
Baía de Santa Helena-Negapatão,9613.2,86
Baía de Santa Helena-Diu,8985.71,80
Baía de Santa Helena-Mascate,8769,78
Baía de Santa Helena-Macau,13336.66,118
Baía de Santa Helena-Amboíno,12499.25,110
Baía de Santa Helena-Socotra,7194.44,65
Baía de Santa Helena-Bombaim,8973.38,80
Baía de Santa Helena-Quiloa,5213.25,48
Baía de Santa Helena-Porto,10022.73,89
Baía de Santa Helena-Olinda,6775.56,61
Baía de Santa Helena-São Jorge dos Ilhéus,6767.43,61
Baía de Santa Helena-Natal - Capitania do Rio Grande,6616.3,60
Baía de Santa Helena-Salvador,6652.7,60
Baía de Santa Helena-Porto Seguro,6648.4,60
Baía de Santa Helena-Rio de Janeiro,6404.47,58
Baía de Santa Helena-Vila do Espírito Santo,6347.21,57
Cabo da Boa esperança-Lisboa,9703.19,86
Cabo da Boa esperança-Monte Pascoal - BA,6514.59,59
Cabo da Boa esperança-Cananor,8760.79,78
Cabo da Boa esperança-Ilhas Canárias,8411.4,75
Cabo da Boa esperança-Santiago - Cabo Verde,7241.68,65
Cabo da Boa esperança-Baía de Santa Helena,181.47,4
Cabo da Boa esperança-Mossel Bay,338.2,6
Cabo da Boa esperança-Natal,1877.32,19
Cabo da Boa esperança-Quelimane,3234.18,31
Cabo da Boa esperança-Ilha de moçambique,3830.86,36
Cabo da Boa esperança-Mombaça,5136.59,47
Cabo da Boa esperança-Malindi,5240.26,48
Cabo da Boa esperança-Goa,9295.27,83
Cabo da Boa esperança-Calicute,8732.84,78
Cabo da Boa esperança-Ceuta,9687.31,86
Cabo da Boa esperança-Tanger,9484.09,84
Cabo da Boa esperança-Arzila,9517.42,85
Cabo da Boa esperança-Alcácer-Quibir,9565.66,85
Cabo da Boa esperança-Cochin,8629.55,77
Cabo da Boa esperança-Goa,9295.27,83
Cabo da Boa esperança-Tidore,12530.17,111
Cabo da Boa esperança-Sohar,8977.01,80
Cabo da Boa esperança-Trincomalee,8784.14,78
Cabo da Boa esperança-Malaca,10835.23,96
Cabo da Boa esperança-São Tomé de Meliapor,9332.82,83
Cabo da Boa esperança-Negapatão,9531.3,85
Cabo da Boa esperança-Diu,8903.81,79
Cabo da Boa esperança-Mascate,8687.1,78
Cabo da Boa esperança-Macau,13254.76,117
Cabo da Boa esperança-Amboíno,12417.36,110
Cabo da Boa esperança-Socotra,7112.54,64
Cabo da Boa esperança-Bombaim,8891.49,79
Cabo da Boa esperança-Quiloa,5131.35,47
Cabo da Boa esperança-Porto,9940.84,88
Cabo da Boa esperança-Olinda,6693.66,60
Cabo da Boa esperança-São Jorge dos Ilhéus,6685.53,60
Cabo da Boa esperança-Natal - Capitania do Rio Grande,6534.41,59
Cabo da Boa esperança-Salvador,6570.81,59
Cabo da Boa esperança-Porto Seguro,6566.51,59
Cabo da Boa esperança-Rio de Janeiro,6322.57,57
Cabo da Boa esperança-Vila do Espírito Santo,6265.32,57
Mossel Bay-Lisboa,9997.57,89
Mossel Bay-Monte Pascoal - BA,6808.97,61
Mossel Bay-Cananor,9055.18,81
Mossel Bay-Ilhas Canárias,8705.78,78
Mossel Bay-Santiago - Cabo Verde,7536.07,68
Mossel Bay-Baía de Santa Helena,414.08,6
Mossel Bay-Cabo da Boa esperança,338.2,6
Mossel Bay-Natal,2171.7,22
Mossel Bay-Quelimane,3528.56,33
Mossel Bay-Ilha de moçambique,4125.24,38
Mossel Bay-Mombaça,5430.98,50
Mossel Bay-Malindi,5534.64,50
Mossel Bay-Goa,9589.65,85
Mossel Bay-Calicute,9027.23,81
Mossel Bay-Ceuta,9981.69,89
Mossel Bay-Tanger,9778.47,87
Mossel Bay-Arzila,9811.8,87
Mossel Bay-Alcácer-Quibir,9860.05,88
Mossel Bay-Cochin,8923.94,80
Mossel Bay-Goa,9589.65,85
Mossel Bay-Tidore,12824.55,113
Mossel Bay-Sohar,9271.39,83
Mossel Bay-Trincomalee,9078.53,81
Mossel Bay-Malaca,11129.61,99
Mossel Bay-São Tomé de Meliapor,9627.2,86
Mossel Bay-Negapatão,9825.69,87
Mossel Bay-Diu,9198.19,82
Mossel Bay-Mascate,8981.48,80
Mossel Bay-Macau,13549.15,119
Mossel Bay-Amboíno,12711.74,112
Mossel Bay-Socotra,7406.92,67
Mossel Bay-Bombaim,9185.87,82
Mossel Bay-Quiloa,5425.73,50
Mossel Bay-Porto,10235.22,91
Mossel Bay-Olinda,6988.04,63
Mossel Bay-São Jorge dos Ilhéus,6979.91,63
Mossel Bay-Natal - Capitania do Rio Grande,6828.79,62
Mossel Bay-Salvador,6865.19,62
Mossel Bay-Porto Seguro,6860.89,62
Mossel Bay-Rio de Janeiro,6616.95,60
Mossel Bay-Vila do Espírito Santo,6559.7,59
Natal-Lisboa,11260.85,100
Natal-Monte Pascoal - BA,7876.7,71
Natal-Cananor,7073.58,64
Natal-Ilhas Canárias,9969.06,89
Natal-Santiago - Cabo Verde,8799.35,79
Natal-Baía de Santa Helena,1959.21,20
Natal-Cabo da Boa esperança,1877.32,19
Natal-Mossel Bay,2171.7,22
Natal-Quelimane,1546.97,16
Natal-Ilha de moçambique,2143.65,21
Natal-Mombaça,3449.39,33
Natal-Malindi,3553.05,33
Natal-Goa,7608.06,68
Natal-Calicute,7045.64,63
Natal-Ceuta,11244.97,100
Natal-Tanger,11041.75,98
Natal-Arzila,11075.08,98
Natal-Alcácer-Quibir,11123.32,99
Natal-Cochin,6942.35,63
Natal-Goa,7608.06,68
Natal-Tidore,11158.04,99
Natal-Sohar,7289.8,66
Natal-Trincomalee,7223.23,65
Natal-Malaca,9369.33,83
Natal-São Tomé de Meliapor,7771.9,70
Natal-Negapatão,7970.39,71
Natal-Diu,7216.6,65
Natal-Mascate,6999.89,63
Natal-Macau,11788.86,104
Natal-Amboíno,11045.22,98
Natal-Socotra,5425.33,50
Natal-Bombaim,7204.28,65
Natal-Quiloa,3444.14,33
Natal-Porto,11498.5,102
Natal-Olinda,8171.05,73
Natal-São Jorge dos Ilhéus,8047.65,72
Natal-Natal - Capitania do Rio Grande,8011.8,72
Natal-Salvador,7932.92,71
Natal-Porto Seguro,7928.62,71
Natal-Rio de Janeiro,7684.69,69
Natal-Vila do Espírito Santo,7627.43,68
Quelimane-Lisboa,12617.71,111
Quelimane-Monte Pascoal - BA,9233.57,82
Quelimane-Cananor,6819.04,62
Quelimane-Ilhas Canárias,11325.92,100
Quelimane-Santiago - Cabo Verde,10156.21,90
Quelimane-Baía de Santa Helena,3316.07,31
Quelimane-Cabo da Boa esperança,3234.18,31
Quelimane-Mossel Bay,3528.56,33
Quelimane-Natal,1546.97,16
Quelimane-Ilha de moçambique,517.16,7
Quelimane-Mombaça,3194.85,30
Quelimane-Malindi,3298.51,31
Quelimane-Goa,7353.52,66
Quelimane-Calicute,6791.1,61
Quelimane-Ceuta,12601.83,111
Quelimane-Tanger,12398.61,110
Quelimane-Arzila,12431.94,110
Quelimane-Alcácer-Quibir,12480.18,110
Quelimane-Cochin,6687.8,60
Quelimane-Goa,7353.52,66
Quelimane-Tidore,11455.5,101
Quelimane-Sohar,7035.26,63
Quelimane-Trincomalee,7404.01,67
Quelimane-Malaca,9611.57,86
Quelimane-São Tomé de Meliapor,7952.68,71
Quelimane-Negapatão,8151.17,73
Quelimane-Diu,6962.06,63
Quelimane-Mascate,6745.35,61
Quelimane-Macau,12086.33,107
Quelimane-Amboíno,11342.69,100
Quelimane-Socotra,5170.79,47
Quelimane-Bombaim,6949.74,63
Quelimane-Quiloa,3189.6,30
Quelimane-Porto,12855.36,113
Quelimane-Olinda,9527.91,85
Quelimane-São Jorge dos Ilhéus,9404.51,84
Quelimane-Natal - Capitania do Rio Grande,9368.66,83
Quelimane-Salvador,9289.78,83
Quelimane-Porto Seguro,9285.48,83
Quelimane-Rio de Janeiro,9041.55,81
Quelimane-Vila do Espírito Santo,8984.29,80
Ilha de moçambique-Lisboa,13214.39,117
Ilha de moçambique-Monte Pascoal - BA,9830.24,87
Ilha de moçambique-Cananor,5138.24,47
Ilha de moçambique-Ilhas Canárias,11922.6,105
Ilha de moçambique-Santiago - Cabo Verde,10752.88,95
Ilha de moçambique-Baía de Santa Helena,3912.75,37
Ilha de moçambique-Cabo da Boa esperança,3830.86,36
Ilha de moçambique-Mossel Bay,4125.24,38
Ilha de moçambique-Natal,2143.65,21
Ilha de moçambique-Quelimane,517.16,7
Ilha de moçambique-Mombaça,1514.04,16
Ilha de moçambique-Malindi,1617.7,17
Ilha de moçambique-Goa,5672.71,52
Ilha de moçambique-Calicute,5110.29,47
Ilha de moçambique-Ceuta,13198.51,116
Ilha de moçambique-Tanger,12995.29,115
Ilha de moçambique-Arzila,13028.62,115
Ilha de moçambique-Alcácer-Quibir,13076.86,115
Ilha de moçambique-Cochin,5007,46
Ilha de moçambique-Goa,5672.71,52
Ilha de moçambique-Tidore,10293.82,91
Ilha de moçambique-Sohar,5354.45,49
Ilha de moçambique-Trincomalee,5755.87,52
Ilha de moçambique-Malaca,8013.65,72
Ilha de moçambique-São Tomé de Meliapor,6304.55,57
Ilha de moçambique-Negapatão,6503.03,59
Ilha de moçambique-Diu,5281.25,48
Ilha de moçambique-Mascate,5064.54,46
Ilha de moçambique-Macau,10879.53,96
Ilha de moçambique-Amboíno,10181,90
Ilha de moçambique-Socotra,3489.99,33
Ilha de moçambique-Bombaim,5268.93,48
Ilha de moçambique-Quiloa,1508.79,16
Ilha de moçambique-Porto,13452.04,119
Ilha de moçambique-Olinda,10124.59,90
Ilha de moçambique-São Jorge dos Ilhéus,10001.19,89
Ilha de moçambique-Natal - Capitania do Rio Grande,9965.33,89
Ilha de moçambique-Salvador,9886.46,88
Ilha de moçambique-Porto Seguro,9882.16,88
Ilha de moçambique-Rio de Janeiro,9638.23,86
Ilha de moçambique-Vila do Espírito Santo,9580.97,85
Mombaça-Lisboa,14520.13,128
Mombaça-Monte Pascoal - BA,11135.98,99
Mombaça-Cananor,4733.59,44
Mombaça-Ilhas Canárias,13228.34,117
Mombaça-Santiago - Cabo Verde,12058.62,107
Mombaça-Baía de Santa Helena,5218.49,48
Mombaça-Cabo da Boa esperança,5136.59,47
Mombaça-Mossel Bay,5430.98,50
Mombaça-Natal,3449.39,33
Mombaça-Quelimane,3194.85,30
Mombaça-Ilha de moçambique,1514.04,16
Mombaça-Malindi,105.34,4
Mombaça-Goa,4983.35,46
Mombaça-Calicute,4705.64,43
Mombaça-Ceuta,14504.25,128
Mombaça-Tanger,14301.03,126
Mombaça-Arzila,14334.35,126
Mombaça-Alcácer-Quibir,14382.6,127
Mombaça-Cochin,4602.35,42
Mombaça-Goa,4983.35,46
Mombaça-Tidore,10524.91,93
Mombaça-Sohar,4389.28,41
Mombaça-Trincomalee,5384.17,49
Mombaça-Malaca,7641.94,69
Mombaça-São Tomé de Meliapor,5932.84,54
Mombaça-Negapatão,6131.33,56
Mombaça-Diu,4491.67,42
Mombaça-Mascate,4099.37,38
Mombaça-Macau,10507.82,93
Mombaça-Amboíno,10412.1,92
Mombaça-Socotra,2524.81,25
Mombaça-Bombaim,4579.57,42
Mombaça-Quiloa,658.53,9
Mombaça-Porto,14757.78,130
Mombaça-Olinda,11430.33,101
Mombaça-São Jorge dos Ilhéus,11306.92,100
Mombaça-Natal - Capitania do Rio Grande,11271.07,100
Mombaça-Salvador,11192.2,99
Mombaça-Porto Seguro,11187.9,99
Mombaça-Rio de Janeiro,10943.96,97
Mombaça-Vila do Espírito Santo,10886.71,97
Malindi-Lisboa,14623.79,129
Malindi-Monte Pascoal - BA,11239.64,100
Malindi-Cananor,4837.25,44
Malindi-Ilhas Canárias,13332,118
Malindi-Santiago - Cabo Verde,12162.29,107
Malindi-Baía de Santa Helena,5322.15,49
Malindi-Cabo da Boa esperança,5240.26,48
Malindi-Mossel Bay,5534.64,50
Malindi-Natal,3553.05,33
Malindi-Quelimane,3298.51,31
Malindi-Ilha de moçambique,1617.7,17
Malindi-Mombaça,105.34,4
Malindi-Goa,5087.01,47
Malindi-Calicute,4809.3,44
Malindi-Ceuta,14607.91,129
Malindi-Tanger,14404.69,127
Malindi-Arzila,14438.02,127
Malindi-Alcácer-Quibir,14486.26,127
Malindi-Cochin,4706.01,43
Malindi-Goa,5087.01,47
Malindi-Tidore,10628.57,94
Malindi-Sohar,4492.94,42
Malindi-Trincomalee,5487.83,50
Malindi-Malaca,7745.61,70
Malindi-São Tomé de Meliapor,6036.51,55
Malindi-Negapatão,6234.99,57
Malindi-Diu,4595.34,42
Malindi-Mascate,4203.04,39
Malindi-Macau,10611.49,94
Malindi-Amboíno,10515.76,93
Malindi-Socotra,2628.48,25
Malindi-Bombaim,4683.23,43
Malindi-Quiloa,762.2,9
Malindi-Porto,14861.44,131
Malindi-Olinda,11533.99,102
Malindi-São Jorge dos Ilhéus,11410.59,101
Malindi-Natal - Capitania do Rio Grande,11374.74,101
Malindi-Salvador,11295.86,100
Malindi-Porto Seguro,11291.56,100
Malindi-Rio de Janeiro,11047.63,98
Malindi-Vila do Espírito Santo,10990.37,97
Goa-Lisboa,18678.8,164
Goa-Monte Pascoal - BA,15294.66,134
Goa-Cananor,407.48,6
Goa-Ilhas Canárias,17387.01,152
Goa-Santiago - Cabo Verde,16217.3,142
Goa-Baía de Santa Helena,9377.17,84
Goa-Cabo da Boa esperança,9295.27,83
Goa-Mossel Bay,9589.65,85
Goa-Natal,7608.06,68
Goa-Quelimane,7353.52,66
Goa-Ilha de moçambique,5672.71,52
Goa-Mombaça,4983.35,46
Goa-Malindi,5087.01,47
Goa-Calicute,470.89,7
Goa-Ceuta,18662.92,163
Goa-Tanger,18459.7,162
Goa-Arzila,18493.03,162
Goa-Alcácer-Quibir,18541.28,162
Goa-Cochin,1619.51,17
Goa-Goa,0,3
Goa-Tidore,8424.01,75
Goa-Sohar,2338.57,23
Goa-Trincomalee,2813.46,27
Goa-Malaca,5071.24,47
Goa-São Tomé de Meliapor,3362.13,32
Goa-Negapatão,3560.62,34
Goa-Diu,859.65,10
Goa-Mascate,2048.66,21
Goa-Macau,7937.11,71
Goa-Amboíno,8311.2,74
Goa-Socotra,2758.03,27
Goa-Bombaim,433.11,7
Goa-Quiloa,5496.33,50
Goa-Porto,18916.45,166
Goa-Olinda,15589,137
Goa-São Jorge dos Ilhéus,15465.6,136
Goa-Natal - Capitania do Rio Grande,15429.75,136
Goa-Salvador,15350.87,135
Goa-Porto Seguro,15346.57,135
Goa-Rio de Janeiro,15102.64,133
Goa-Vila do Espírito Santo,15045.38,132
Calicute-Lisboa,18116.38,159
Calicute-Monte Pascoal - BA,14732.23,130
Calicute-Cananor,78.18,4
Calicute-Ilhas Canárias,16824.59,148
Calicute-Santiago - Cabo Verde,15654.87,138
Calicute-Baía de Santa Helena,8814.74,79
Calicute-Cabo da Boa esperança,8732.84,78
Calicute-Mossel Bay,9027.23,81
Calicute-Natal,7045.64,63
Calicute-Quelimane,6791.1,61
Calicute-Ilha de moçambique,5110.29,47
Calicute-Mombaça,4705.64,43
Calicute-Malindi,4809.3,44
Calicute-Goa,470.89,7
Calicute-Ceuta,18100.5,159
Calicute-Tanger,17897.28,157
Calicute-Arzila,17930.6,157
Calicute-Alcácer-Quibir,17978.85,158
Calicute-Cochin,175.26,4
Calicute-Goa,470.89,7
Calicute-Tidore,7124.99,64
Calicute-Sohar,2940.38,28
Calicute-Trincomalee,1514.43,16
Calicute-Malaca,3772.21,35
Calicute-São Tomé de Meliapor,2063.11,21
Calicute-Negapatão,430.96,7
Calicute-Diu,1716.3,18
Calicute-Mascate,2650.48,26
Calicute-Macau,6638.09,60
Calicute-Amboíno,7012.18,63
Calicute-Socotra,2762.13,27
Calicute-Bombaim,1319.01,14
Calicute-Quiloa,5218.61,48
Calicute-Porto,18354.03,161
Calicute-Olinda,15026.58,132
Calicute-São Jorge dos Ilhéus,14903.17,131
Calicute-Natal - Capitania do Rio Grande,14867.32,131
Calicute-Salvador,14788.45,130
Calicute-Porto Seguro,14784.15,130
Calicute-Rio de Janeiro,14540.21,128
Calicute-Vila do Espírito Santo,14482.96,127
Ceuta-Lisboa,726.73,9
Ceuta-Monte Pascoal - BA,7727.85,69
Ceuta-Cananor,18128.44,159
Ceuta-Ilhas Canárias,1535.44,16
Ceuta-Santiago - Cabo Verde,3150.07,30
Ceuta-Baía de Santa Helena,9769.21,87
Ceuta-Cabo da Boa esperança,9687.31,86
Ceuta-Mossel Bay,9981.69,89
Ceuta-Natal,11244.97,100
Ceuta-Quelimane,12601.83,111
Ceuta-Ilha de moçambique,13198.51,116
Ceuta-Mombaça,14504.25,128
Ceuta-Malindi,14607.91,129
Ceuta-Goa,18662.92,163
Ceuta-Calicute,18100.5,159
Ceuta-Tanger,213.61,5
Ceuta-Arzila,246.94,5
Ceuta-Alcácer-Quibir,295.19,5
Ceuta-Cochin,17997.21,158
Ceuta-Goa,18662.92,163
Ceuta-Tidore,21897.82,191
Ceuta-Sohar,18344.66,161
Ceuta-Trincomalee,18151.8,159
Ceuta-Malaca,20202.88,177
Ceuta-São Tomé de Meliapor,18700.47,164
Ceuta-Negapatão,18898.96,165
Ceuta-Diu,18271.46,160
Ceuta-Mascate,18054.75,158
Ceuta-Macau,22622.42,197
Ceuta-Amboíno,21785.01,190
Ceuta-Socotra,16480.19,145
Ceuta-Bombaim,18259.14,160
Ceuta-Quiloa,14499,128
Ceuta-Porto,1048.96,12
Ceuta-Olinda,5963.09,54
Ceuta-São Jorge dos Ilhéus,6898.68,62
Ceuta-Natal - Capitania do Rio Grande,5803.84,53
Ceuta-Salvador,6783.96,61
Ceuta-Porto Seguro,7779.77,70
Ceuta-Rio de Janeiro,8018.57,72
Ceuta-Vila do Espírito Santo,7478.58,67
Tanger-Lisboa,523.51,7
Tanger-Monte Pascoal - BA,7524.63,68
Tanger-Cananor,17925.22,157
Tanger-Ilhas Canárias,1332.22,14
Tanger-Santiago - Cabo Verde,2946.85,28
Tanger-Baía de Santa Helena,9565.98,85
Tanger-Cabo da Boa esperança,9484.09,84
Tanger-Mossel Bay,9778.47,87
Tanger-Natal,11041.75,98
Tanger-Quelimane,12398.61,110
Tanger-Ilha de moçambique,12995.29,115
Tanger-Mombaça,14301.03,126
Tanger-Malindi,14404.69,127
Tanger-Goa,18459.7,162
Tanger-Calicute,17897.28,157
Tanger-Ceuta,213.61,5
Tanger-Arzila,39.68,3
Tanger-Alcácer-Quibir,85.76,4
Tanger-Cochin,17793.99,156
Tanger-Goa,18459.7,162
Tanger-Tidore,21694.6,189
Tanger-Sohar,18141.44,159
Tanger-Trincomalee,17948.58,157
Tanger-Malaca,19999.66,175
Tanger-São Tomé de Meliapor,18497.25,162
Tanger-Negapatão,18695.74,164
Tanger-Diu,18068.24,158
Tanger-Mascate,17851.53,156
Tanger-Macau,22419.2,196
Tanger-Amboíno,21581.79,188
Tanger-Socotra,16276.97,143
Tanger-Bombaim,18055.92,158
Tanger-Quiloa,14295.78,126
Tanger-Porto,845.74,10
Tanger-Olinda,5759.87,52
Tanger-São Jorge dos Ilhéus,6695.46,60
Tanger-Natal - Capitania do Rio Grande,5600.62,51
Tanger-Salvador,6580.74,59
Tanger-Porto Seguro,7576.55,68
Tanger-Rio de Janeiro,7815.35,70
Tanger-Vila do Espírito Santo,7275.36,65
Arzila-Lisboa,556.84,8
Arzila-Monte Pascoal - BA,7557.96,68
Arzila-Cananor,17958.55,157
Arzila-Ilhas Canárias,1365.55,15
Arzila-Santiago - Cabo Verde,2980.18,29
Arzila-Baía de Santa Helena,9599.31,85
Arzila-Cabo da Boa esperança,9517.42,85
Arzila-Mossel Bay,9811.8,87
Arzila-Natal,11075.08,98
Arzila-Quelimane,12431.94,110
Arzila-Ilha de moçambique,13028.62,115
Arzila-Mombaça,14334.35,126
Arzila-Malindi,14438.02,127
Arzila-Goa,18493.03,162
Arzila-Calicute,17930.6,157
Arzila-Ceuta,246.94,5
Arzila-Tanger,39.68,3
Arzila-Alcácer-Quibir,53.07,3
Arzila-Cochin,17827.31,156
Arzila-Goa,18493.03,162
Arzila-Tidore,21727.93,190
Arzila-Sohar,18174.77,159
Arzila-Trincomalee,17981.9,158
Arzila-Malaca,20032.99,175
Arzila-São Tomé de Meliapor,18530.58,162
Arzila-Negapatão,18729.06,164
Arzila-Diu,18101.57,159
Arzila-Mascate,17884.86,157
Arzila-Macau,22452.52,196
Arzila-Amboíno,21615.12,189
Arzila-Socotra,16310.3,143
Arzila-Bombaim,18089.25,158
Arzila-Quiloa,14329.11,126
Arzila-Porto,879.07,10
Arzila-Olinda,5793.2,53
Arzila-São Jorge dos Ilhéus,6728.79,61
Arzila-Natal - Capitania do Rio Grande,5633.95,51
Arzila-Salvador,6614.07,60
Arzila-Porto Seguro,7609.88,68
Arzila-Rio de Janeiro,7848.68,70
Arzila-Vila do Espírito Santo,7308.69,66
Alcácer-Quibir-Lisboa,605.08,8
Alcácer-Quibir-Monte Pascoal - BA,7606.21,68
Alcácer-Quibir-Cananor,18006.8,158
Alcácer-Quibir-Ilhas Canárias,1413.8,15
Alcácer-Quibir-Santiago - Cabo Verde,3028.43,29
Alcácer-Quibir-Baía de Santa Helena,9647.56,86
Alcácer-Quibir-Cabo da Boa esperança,9565.66,85
Alcácer-Quibir-Mossel Bay,9860.05,88
Alcácer-Quibir-Natal,11123.32,99
Alcácer-Quibir-Quelimane,12480.18,110
Alcácer-Quibir-Ilha de moçambique,13076.86,115
Alcácer-Quibir-Mombaça,14382.6,127
Alcácer-Quibir-Malindi,14486.26,127
Alcácer-Quibir-Goa,18541.28,162
Alcácer-Quibir-Calicute,17978.85,158
Alcácer-Quibir-Ceuta,295.19,5
Alcácer-Quibir-Tanger,85.76,4
Alcácer-Quibir-Arzila,53.07,3
Alcácer-Quibir-Cochin,17875.56,157
Alcácer-Quibir-Goa,18541.28,162
Alcácer-Quibir-Tidore,21776.18,190
Alcácer-Quibir-Sohar,18223.01,160
Alcácer-Quibir-Trincomalee,18030.15,158
Alcácer-Quibir-Malaca,20081.24,176
Alcácer-Quibir-São Tomé de Meliapor,18578.83,163
Alcácer-Quibir-Negapatão,18777.31,164
Alcácer-Quibir-Diu,18149.82,159
Alcácer-Quibir-Mascate,17933.11,157
Alcácer-Quibir-Macau,22500.77,196
Alcácer-Quibir-Amboíno,21663.36,189
Alcácer-Quibir-Socotra,16358.55,144
Alcácer-Quibir-Bombaim,18137.49,159
Alcácer-Quibir-Quiloa,14377.36,127
Alcácer-Quibir-Porto,927.31,11
Alcácer-Quibir-Olinda,5841.45,53
Alcácer-Quibir-São Jorge dos Ilhéus,6777.03,61
Alcácer-Quibir-Natal - Capitania do Rio Grande,5682.19,52
Alcácer-Quibir-Salvador,6662.31,60
Alcácer-Quibir-Porto Seguro,7658.13,69
Alcácer-Quibir-Rio de Janeiro,7896.93,71
Alcácer-Quibir-Vila do Espírito Santo,7356.94,66
Cochin-Lisboa,18013.09,158
Cochin-Monte Pascoal - BA,14628.94,129
Cochin-Cananor,234.96,5
Cochin-Ilhas Canárias,16721.3,147
Cochin-Santiago - Cabo Verde,15551.58,137
Cochin-Baía de Santa Helena,8711.45,78
Cochin-Cabo da Boa esperança,8629.55,77
Cochin-Mossel Bay,8923.94,80
Cochin-Natal,6942.35,63
Cochin-Quelimane,6687.8,60
Cochin-Ilha de moçambique,5007,46
Cochin-Mombaça,4602.35,42
Cochin-Malindi,4706.01,43
Cochin-Goa,1619.51,17
Cochin-Calicute,175.26,4
Cochin-Ceuta,17997.21,158
Cochin-Tanger,17793.99,156
Cochin-Arzila,17827.31,156
Cochin-Alcácer-Quibir,17875.56,157
Cochin-Goa,1619.51,17
Cochin-Tidore,7021.7,63
Cochin-Sohar,2837.09,27
Cochin-Trincomalee,1411.14,15
Cochin-Malaca,3668.92,34
Cochin-São Tomé de Meliapor,1959.82,20
Cochin-Negapatão,2158.31,21
Cochin-Diu,1613.01,17
Cochin-Mascate,2547.19,25
Cochin-Macau,6534.8,59
Cochin-Amboíno,6908.89,62
Cochin-Socotra,2658.84,26
Cochin-Bombaim,1215.72,13
Cochin-Quiloa,5115.32,47
Cochin-Porto,18250.74,160
Cochin-Olinda,14923.29,131
Cochin-São Jorge dos Ilhéus,14799.88,130
Cochin-Natal - Capitania do Rio Grande,14764.03,130
Cochin-Salvador,14685.16,129
Cochin-Porto Seguro,14680.86,129
Cochin-Rio de Janeiro,14436.92,127
Cochin-Vila do Espírito Santo,14379.67,127
Goa-Lisboa,18678.8,164
Goa-Monte Pascoal - BA,15294.66,134
Goa-Cananor,407.48,6
Goa-Ilhas Canárias,17387.01,152
Goa-Santiago - Cabo Verde,16217.3,142
Goa-Baía de Santa Helena,9377.17,84
Goa-Cabo da Boa esperança,9295.27,83
Goa-Mossel Bay,9589.65,85
Goa-Natal,7608.06,68
Goa-Quelimane,7353.52,66
Goa-Ilha de moçambique,5672.71,52
Goa-Mombaça,4983.35,46
Goa-Malindi,5087.01,47
Goa-Goa,0,3
Goa-Calicute,470.89,7
Goa-Ceuta,18662.92,163
Goa-Tanger,18459.7,162
Goa-Arzila,18493.03,162
Goa-Alcácer-Quibir,18541.28,162
Goa-Cochin,1619.51,17
Goa-Tidore,8424.01,75
Goa-Sohar,2338.57,23
Goa-Trincomalee,2813.46,27
Goa-Malaca,5071.24,47
Goa-São Tomé de Meliapor,3362.13,32
Goa-Negapatão,3560.62,34
Goa-Diu,859.65,10
Goa-Mascate,2048.66,21
Goa-Macau,7937.11,71
Goa-Amboíno,8311.2,74
Goa-Socotra,2758.03,27
Goa-Bombaim,433.11,7
Goa-Quiloa,5496.33,50
Goa-Porto,18916.45,166
Goa-Olinda,15589,137
Goa-São Jorge dos Ilhéus,15465.6,136
Goa-Natal - Capitania do Rio Grande,15429.75,136
Goa-Salvador,15350.87,135
Goa-Porto Seguro,15346.57,135
Goa-Rio de Janeiro,15102.64,133
Goa-Vila do Espírito Santo,15045.38,132
Tidore-Lisboa,21913.7,191
Tidore-Monte Pascoal - BA,18529.56,162
Tidore-Cananor,7152.94,64
Tidore-Ilhas Canárias,20621.91,180
Tidore-Santiago - Cabo Verde,19452.2,170
Tidore-Baía de Santa Helena,12612.07,111
Tidore-Cabo da Boa esperança,12530.17,111
Tidore-Mossel Bay,12824.55,113
Tidore-Natal,11158.04,99
Tidore-Quelimane,11455.5,101
Tidore-Ilha de moçambique,10293.82,91
Tidore-Mombaça,10524.91,93
Tidore-Malindi,10628.57,94
Tidore-Goa,8424.01,75
Tidore-Calicute,7124.99,64
Tidore-Ceuta,21897.82,191
Tidore-Tanger,21694.6,189
Tidore-Arzila,21727.93,190
Tidore-Alcácer-Quibir,21776.18,190
Tidore-Cochin,7021.7,63
Tidore-Goa,8424.01,75
Tidore-Sohar,9641.6,86
Tidore-Trincomalee,6281.15,57
Tidore-Malaca,3484.34,33
Tidore-São Tomé de Meliapor,6268.39,57
Tidore-Negapatão,6466.87,59
Tidore-Diu,8417.51,75
Tidore-Mascate,9351.69,83
Tidore-Macau,3829.74,36
Tidore-Amboíno,542.09,8
Tidore-Socotra,9289.51,83
Tidore-Bombaim,8020.23,72
Tidore-Quiloa,10601.42,94
Tidore-Porto,22151.35,193
Tidore-Olinda,18823.9,165
Tidore-São Jorge dos Ilhéus,18700.5,164
Tidore-Natal - Capitania do Rio Grande,18664.65,163
Tidore-Salvador,18585.78,163
Tidore-Porto Seguro,18581.48,163
Tidore-Rio de Janeiro,18337.54,161
Tidore-Vila do Espírito Santo,18280.29,160
Sohar-Lisboa,18360.54,161
Sohar-Monte Pascoal - BA,14976.39,132
Sohar-Cananor,2968.33,28
Sohar-Ilhas Canárias,17068.75,150
Sohar-Santiago - Cabo Verde,15899.03,140
Sohar-Baía de Santa Helena,9058.9,81
Sohar-Cabo da Boa esperança,8977.01,80
Sohar-Mossel Bay,9271.39,83
Sohar-Natal,7289.8,66
Sohar-Quelimane,7035.26,63
Sohar-Ilha de moçambique,5354.45,49
Sohar-Mombaça,4389.28,41
Sohar-Malindi,4492.94,42
Sohar-Goa,2338.57,23
Sohar-Calicute,2940.38,28
Sohar-Ceuta,18344.66,161
Sohar-Tanger,18141.44,159
Sohar-Arzila,18174.77,159
Sohar-Alcácer-Quibir,18223.01,160
Sohar-Cochin,2837.09,27
Sohar-Goa,2338.57,23
Sohar-Tidore,9641.6,86
Sohar-Trincomalee,4031.04,38
Sohar-Malaca,6288.82,57
Sohar-São Tomé de Meliapor,4579.72,42
Sohar-Negapatão,4778.2,44
Sohar-Diu,1752.66,18
Sohar-Mascate,443.66,7
Sohar-Macau,9154.7,82
Sohar-Amboíno,9528.79,85
Sohar-Socotra,2030.67,20
Sohar-Bombaim,1934.79,20
Sohar-Quiloa,4902.25,45
Sohar-Porto,18598.19,163
Sohar-Olinda,15270.74,134
Sohar-São Jorge dos Ilhéus,15147.34,133
Sohar-Natal - Capitania do Rio Grande,15111.48,133
Sohar-Salvador,15032.61,132
Sohar-Porto Seguro,15028.31,132
Sohar-Rio de Janeiro,14784.38,130
Sohar-Vila do Espírito Santo,14727.12,130
Trincomalee-Lisboa,18167.68,159
Trincomalee-Monte Pascoal - BA,14783.53,130
Trincomalee-Cananor,1542.38,16
Trincomalee-Ilhas Canárias,16875.89,148
Trincomalee-Santiago - Cabo Verde,15706.17,138
Trincomalee-Baía de Santa Helena,8866.04,79
Trincomalee-Cabo da Boa esperança,8784.14,78
Trincomalee-Mossel Bay,9078.53,81
Trincomalee-Natal,7223.23,65
Trincomalee-Quelimane,7404.01,67
Trincomalee-Ilha de moçambique,5755.87,52
Trincomalee-Mombaça,5384.17,49
Trincomalee-Malindi,5487.83,50
Trincomalee-Goa,2813.46,27
Trincomalee-Calicute,1514.43,16
Trincomalee-Ceuta,18151.8,159
Trincomalee-Tanger,17948.58,157
Trincomalee-Arzila,17981.9,158
Trincomalee-Alcácer-Quibir,18030.15,158
Trincomalee-Cochin,1411.14,15
Trincomalee-Goa,2813.46,27
Trincomalee-Tidore,6281.15,57
Trincomalee-Sohar,4031.04,38
Trincomalee-Malaca,2928.38,28
Trincomalee-São Tomé de Meliapor,910.81,11
Trincomalee-Negapatão,289.21,5
Trincomalee-Diu,2806.95,27
Trincomalee-Mascate,3741.14,35
Trincomalee-Macau,5794.25,53
Trincomalee-Amboíno,6168.34,56
Trincomalee-Socotra,3678.95,35
Trincomalee-Bombaim,2409.67,24
Trincomalee-Quiloa,5897.14,54
Trincomalee-Porto,18405.32,161
Trincomalee-Olinda,15077.88,133
Trincomalee-São Jorge dos Ilhéus,14954.47,132
Trincomalee-Natal - Capitania do Rio Grande,14918.62,131
Trincomalee-Salvador,14839.75,131
Trincomalee-Porto Seguro,14835.45,130
Trincomalee-Rio de Janeiro,14591.51,128
Trincomalee-Vila do Espírito Santo,14534.26,128
Malaca-Lisboa,20218.77,177
Malaca-Monte Pascoal - BA,16834.62,148
Malaca-Cananor,3800.16,36
Malaca-Ilhas Canárias,18926.97,166
Malaca-Santiago - Cabo Verde,17757.26,156
Malaca-Baía de Santa Helena,10917.13,97
Malaca-Cabo da Boa esperança,10835.23,96
Malaca-Mossel Bay,11129.61,99
Malaca-Natal,9369.33,83
Malaca-Quelimane,9611.57,86
Malaca-Ilha de moçambique,8013.65,72
Malaca-Mombaça,7641.94,69
Malaca-Malindi,7745.61,70
Malaca-Goa,5071.24,47
Malaca-Calicute,3772.21,35
Malaca-Ceuta,20202.88,177
Malaca-Tanger,19999.66,175
Malaca-Arzila,20032.99,175
Malaca-Alcácer-Quibir,20081.24,176
Malaca-Cochin,3668.92,34
Malaca-Goa,5071.24,47
Malaca-Tidore,3484.34,33
Malaca-Sohar,6288.82,57
Malaca-Trincomalee,2928.38,28
Malaca-São Tomé de Meliapor,2915.61,28
Malaca-Negapatão,3114.09,30
Malaca-Diu,5064.73,46
Malaca-Mascate,5998.92,54
Malaca-Macau,2997.44,29
Malaca-Amboíno,3371.53,32
Malaca-Socotra,5936.73,54
Malaca-Bombaim,4667.45,43
Malaca-Quiloa,8154.92,73
Malaca-Porto,20456.41,179
Malaca-Olinda,17128.96,150
Malaca-São Jorge dos Ilhéus,17005.56,149
Malaca-Natal - Capitania do Rio Grande,16969.71,149
Malaca-Salvador,16890.84,148
Malaca-Porto Seguro,16886.54,148
Malaca-Rio de Janeiro,16642.6,146
Malaca-Vila do Espírito Santo,16585.35,146
São Tomé de Meliapor-Lisboa,18716.35,164
São Tomé de Meliapor-Monte Pascoal - BA,15332.21,135
São Tomé de Meliapor-Cananor,2091.06,21
São Tomé de Meliapor-Ilhas Canárias,17424.56,153
São Tomé de Meliapor-Santiago - Cabo Verde,16254.85,143
São Tomé de Meliapor-Baía de Santa Helena,9414.72,84
São Tomé de Meliapor-Cabo da Boa esperança,9332.82,83
São Tomé de Meliapor-Mossel Bay,9627.2,86
São Tomé de Meliapor-Natal,7771.9,70
São Tomé de Meliapor-Quelimane,7952.68,71
São Tomé de Meliapor-Ilha de moçambique,6304.55,57
São Tomé de Meliapor-Mombaça,5932.84,54
São Tomé de Meliapor-Malindi,6036.51,55
São Tomé de Meliapor-Goa,3362.13,32
São Tomé de Meliapor-Calicute,2063.11,21
São Tomé de Meliapor-Ceuta,18700.47,164
São Tomé de Meliapor-Tanger,18497.25,162
São Tomé de Meliapor-Arzila,18530.58,162
São Tomé de Meliapor-Alcácer-Quibir,18578.83,163
São Tomé de Meliapor-Cochin,1959.82,20
São Tomé de Meliapor-Goa,3362.13,32
São Tomé de Meliapor-Tidore,6268.39,57
São Tomé de Meliapor-Sohar,4579.72,42
São Tomé de Meliapor-Trincomalee,910.81,11
São Tomé de Meliapor-Malaca,2915.61,28
São Tomé de Meliapor-Negapatão,254.92,5
São Tomé de Meliapor-Diu,3355.63,32
São Tomé de Meliapor-Mascate,4289.81,40
São Tomé de Meliapor-Macau,5781.49,53
São Tomé de Meliapor-Amboíno,6155.57,56
São Tomé de Meliapor-Socotra,4227.63,39
São Tomé de Meliapor-Bombaim,2958.35,28
São Tomé de Meliapor-Quiloa,6445.82,58
São Tomé de Meliapor-Porto,18954,166
São Tomé de Meliapor-Olinda,15626.55,137
São Tomé de Meliapor-São Jorge dos Ilhéus,15503.15,136
São Tomé de Meliapor-Natal - Capitania do Rio Grande,15467.3,136
São Tomé de Meliapor-Salvador,15388.42,135
São Tomé de Meliapor-Porto Seguro,15384.13,135
São Tomé de Meliapor-Rio de Janeiro,15140.19,133
São Tomé de Meliapor-Vila do Espírito Santo,15082.93,133
Negapatão-Lisboa,18914.84,166
Negapatão-Monte Pascoal - BA,15530.69,136
Negapatão-Cananor,504.67,7
Negapatão-Ilhas Canárias,17623.05,154
Negapatão-Santiago - Cabo Verde,16453.33,144
Negapatão-Baía de Santa Helena,9613.2,86
Negapatão-Cabo da Boa esperança,9531.3,85
Negapatão-Mossel Bay,9825.69,87
Negapatão-Natal,7970.39,71
Negapatão-Quelimane,8151.17,73
Negapatão-Ilha de moçambique,6503.03,59
Negapatão-Mombaça,6131.33,56
Negapatão-Malindi,6234.99,57
Negapatão-Goa,3560.62,34
Negapatão-Calicute,430.96,7
Negapatão-Ceuta,18898.96,165
Negapatão-Tanger,18695.74,164
Negapatão-Arzila,18729.06,164
Negapatão-Alcácer-Quibir,18777.31,164
Negapatão-Cochin,2158.31,21
Negapatão-Goa,3560.62,34
Negapatão-Tidore,6466.87,59
Negapatão-Sohar,4778.2,44
Negapatão-Trincomalee,289.21,5
Negapatão-Malaca,3114.09,30
Negapatão-São Tomé de Meliapor,254.92,5
Negapatão-Diu,3554.12,33
Negapatão-Mascate,4488.3,41
Negapatão-Macau,5979.97,54
Negapatão-Amboíno,6354.06,58
Negapatão-Socotra,4426.12,41
Negapatão-Bombaim,3156.83,30
Negapatão-Quiloa,6644.3,60
Negapatão-Porto,19152.49,168
Negapatão-Olinda,15825.04,139
Negapatão-São Jorge dos Ilhéus,15701.63,138
Negapatão-Natal - Capitania do Rio Grande,15665.78,138
Negapatão-Salvador,15586.91,137
Negapatão-Porto Seguro,15582.61,137
Negapatão-Rio de Janeiro,15338.67,135
Negapatão-Vila do Espírito Santo,15281.42,134
Diu-Lisboa,18287.34,160
Diu-Monte Pascoal - BA,14903.2,131
Diu-Cananor,1744.24,18
Diu-Ilhas Canárias,16995.55,149
Diu-Santiago - Cabo Verde,15825.84,139
Diu-Baía de Santa Helena,8985.71,80
Diu-Cabo da Boa esperança,8903.81,79
Diu-Mossel Bay,9198.19,82
Diu-Natal,7216.6,65
Diu-Quelimane,6962.06,63
Diu-Ilha de moçambique,5281.25,48
Diu-Mombaça,4491.67,42
Diu-Malindi,4595.34,42
Diu-Goa,859.65,10
Diu-Calicute,1716.3,18
Diu-Ceuta,18271.46,160
Diu-Tanger,18068.24,158
Diu-Arzila,18101.57,159
Diu-Alcácer-Quibir,18149.82,159
Diu-Cochin,1613.01,17
Diu-Goa,859.65,10
Diu-Tidore,8417.51,75
Diu-Sohar,1752.66,18
Diu-Trincomalee,2806.95,27
Diu-Malaca,5064.73,46
Diu-São Tomé de Meliapor,3355.63,32
Diu-Negapatão,3554.12,33
Diu-Mascate,1462.76,15
Diu-Macau,7930.61,71
Diu-Amboíno,8304.7,74
Diu-Socotra,2258.61,22
Diu-Bombaim,455.87,7
Diu-Quiloa,5004.65,46
Diu-Porto,18524.99,162
Diu-Olinda,15197.54,134
Diu-São Jorge dos Ilhéus,15074.14,133
Diu-Natal - Capitania do Rio Grande,15038.29,132
Diu-Salvador,14959.42,132
Diu-Porto Seguro,14955.12,132
Diu-Rio de Janeiro,14711.18,129
Diu-Vila do Espírito Santo,14653.92,129
Mascate-Lisboa,18070.64,158
Mascate-Monte Pascoal - BA,14686.49,129
Mascate-Cananor,2678.43,26
Mascate-Ilhas Canárias,16778.84,147
Mascate-Santiago - Cabo Verde,15609.13,137
Mascate-Baía de Santa Helena,8769,78
Mascate-Cabo da Boa esperança,8687.1,78
Mascate-Mossel Bay,8981.48,80
Mascate-Natal,6999.89,63
Mascate-Quelimane,6745.35,61
Mascate-Ilha de moçambique,5064.54,46
Mascate-Mombaça,4099.37,38
Mascate-Malindi,4203.04,39
Mascate-Goa,2048.66,21
Mascate-Calicute,2650.48,26
Mascate-Ceuta,18054.75,158
Mascate-Tanger,17851.53,156
Mascate-Arzila,17884.86,157
Mascate-Alcácer-Quibir,17933.11,157
Mascate-Cochin,2547.19,25
Mascate-Goa,2048.66,21
Mascate-Tidore,9351.69,83
Mascate-Sohar,443.66,7
Mascate-Trincomalee,3741.14,35
Mascate-Malaca,5998.92,54
Mascate-São Tomé de Meliapor,4289.81,40
Mascate-Negapatão,4488.3,41
Mascate-Diu,1462.76,15
Mascate-Macau,8864.79,79
Mascate-Amboíno,9238.88,82
Mascate-Socotra,1740.77,18
Mascate-Bombaim,1644.88,17
Mascate-Quiloa,4612.35,43
Mascate-Porto,18308.28,160
Mascate-Olinda,14980.83,132
Mascate-São Jorge dos Ilhéus,14857.43,131
Mascate-Natal - Capitania do Rio Grande,14821.58,130
Mascate-Salvador,14742.71,130
Mascate-Porto Seguro,14738.41,130
Mascate-Rio de Janeiro,14494.47,128
Mascate-Vila do Espírito Santo,14437.22,127
Macau-Lisboa,22638.3,198
Macau-Monte Pascoal - BA,19254.15,168
Macau-Cananor,6666.04,60
Macau-Ilhas Canárias,21346.51,186
Macau-Santiago - Cabo Verde,20176.79,176
Macau-Baía de Santa Helena,13336.66,118
Macau-Cabo da Boa esperança,13254.76,117
Macau-Mossel Bay,13549.15,119
Macau-Natal,11788.86,104
Macau-Quelimane,12086.33,107
Macau-Ilha de moçambique,10879.53,96
Macau-Mombaça,10507.82,93
Macau-Malindi,10611.49,94
Macau-Goa,7937.11,71
Macau-Calicute,6638.09,60
Macau-Ceuta,22622.42,197
Macau-Tanger,22419.2,196
Macau-Arzila,22452.52,196
Macau-Alcácer-Quibir,22500.77,196
Macau-Cochin,6534.8,59
Macau-Goa,7937.11,71
Macau-Tidore,3829.74,36
Macau-Sohar,9154.7,82
Macau-Trincomalee,5794.25,53
Macau-Malaca,2997.44,29
Macau-São Tomé de Meliapor,5781.49,53
Macau-Negapatão,5979.97,54
Macau-Diu,7930.61,71
Macau-Mascate,8864.79,79
Macau-Amboíno,3969.75,37
Macau-Socotra,8802.61,79
Macau-Bombaim,7533.33,68
Macau-Quiloa,11020.8,98
Macau-Porto,22875.94,200
Macau-Olinda,19548.5,171
Macau-São Jorge dos Ilhéus,19425.09,170
Macau-Natal - Capitania do Rio Grande,19389.24,170
Macau-Salvador,19310.37,169
Macau-Porto Seguro,19306.07,169
Macau-Rio de Janeiro,19062.13,167
Macau-Vila do Espírito Santo,19004.88,166
Amboíno-Lisboa,21800.89,190
Amboíno-Monte Pascoal - BA,18416.75,161
Amboíno-Cananor,7040.13,63
Amboíno-Ilhas Canárias,20509.1,179
Amboíno-Santiago - Cabo Verde,19339.39,169
Amboíno-Baía de Santa Helena,12499.25,110
Amboíno-Cabo da Boa esperança,12417.36,110
Amboíno-Mossel Bay,12711.74,112
Amboíno-Natal,11045.22,98
Amboíno-Quelimane,11342.69,100
Amboíno-Ilha de moçambique,10181,90
Amboíno-Mombaça,10412.1,92
Amboíno-Malindi,10515.76,93
Amboíno-Goa,8311.2,74
Amboíno-Calicute,7012.18,63
Amboíno-Ceuta,21785.01,190
Amboíno-Tanger,21581.79,188
Amboíno-Arzila,21615.12,189
Amboíno-Alcácer-Quibir,21663.36,189
Amboíno-Cochin,6908.89,62
Amboíno-Goa,8311.2,74
Amboíno-Tidore,542.09,8
Amboíno-Sohar,9528.79,85
Amboíno-Trincomalee,6168.34,56
Amboíno-Malaca,3371.53,32
Amboíno-São Tomé de Meliapor,6155.57,56
Amboíno-Negapatão,6354.06,58
Amboíno-Diu,8304.7,74
Amboíno-Mascate,9238.88,82
Amboíno-Macau,3969.75,37
Amboíno-Socotra,9176.7,82
Amboíno-Bombaim,7907.42,71
Amboíno-Quiloa,10488.61,93
Amboíno-Porto,22038.54,192
Amboíno-Olinda,18711.09,164
Amboíno-São Jorge dos Ilhéus,18587.69,163
Amboíno-Natal - Capitania do Rio Grande,18551.84,162
Amboíno-Salvador,18472.96,162
Amboíno-Porto Seguro,18468.66,162
Amboíno-Rio de Janeiro,18224.73,160
Amboíno-Vila do Espírito Santo,18167.47,159
Socotra-Lisboa,16496.08,145
Socotra-Monte Pascoal - BA,13111.93,116
Socotra-Cananor,2790.08,27
Socotra-Ilhas Canárias,15204.28,134
Socotra-Santiago - Cabo Verde,14034.57,124
Socotra-Baía de Santa Helena,7194.44,65
Socotra-Cabo da Boa esperança,7112.54,64
Socotra-Mossel Bay,7406.92,67
Socotra-Natal,5425.33,50
Socotra-Quelimane,5170.79,47
Socotra-Ilha de moçambique,3489.99,33
Socotra-Mombaça,2524.81,25
Socotra-Malindi,2628.48,25
Socotra-Goa,2758.03,27
Socotra-Calicute,2762.13,27
Socotra-Ceuta,16480.19,145
Socotra-Tanger,16276.97,143
Socotra-Arzila,16310.3,143
Socotra-Alcácer-Quibir,16358.55,144
Socotra-Cochin,2658.84,26
Socotra-Goa,2758.03,27
Socotra-Tidore,9289.51,83
Socotra-Sohar,2030.67,20
Socotra-Trincomalee,3678.95,35
Socotra-Malaca,5936.73,54
Socotra-São Tomé de Meliapor,4227.63,39
Socotra-Negapatão,4426.12,41
Socotra-Diu,2258.61,22
Socotra-Mascate,1740.77,18
Socotra-Macau,8802.61,79
Socotra-Amboíno,9176.7,82
Socotra-Bombaim,2354.25,23
Socotra-Quiloa,3037.79,29
Socotra-Porto,16733.72,147
Socotra-Olinda,13406.27,118
Socotra-São Jorge dos Ilhéus,13282.87,117
Socotra-Natal - Capitania do Rio Grande,13247.02,117
Socotra-Salvador,13168.15,116
Socotra-Porto Seguro,13163.85,116
Socotra-Rio de Janeiro,12919.91,114
Socotra-Vila do Espírito Santo,12862.66,114
Bombaim-Lisboa,18275.02,160
Bombaim-Monte Pascoal - BA,14890.87,131
Bombaim-Cananor,1346.96,14
Bombaim-Ilhas Canárias,16983.23,149
Bombaim-Santiago - Cabo Verde,15813.51,139
Bombaim-Baía de Santa Helena,8973.38,80
Bombaim-Cabo da Boa esperança,8891.49,79
Bombaim-Mossel Bay,9185.87,82
Bombaim-Natal,7204.28,65
Bombaim-Quelimane,6949.74,63
Bombaim-Ilha de moçambique,5268.93,48
Bombaim-Mombaça,4579.57,42
Bombaim-Malindi,4683.23,43
Bombaim-Goa,433.11,7
Bombaim-Calicute,1319.01,14
Bombaim-Ceuta,18259.14,160
Bombaim-Tanger,18055.92,158
Bombaim-Arzila,18089.25,158
Bombaim-Alcácer-Quibir,18137.49,159
Bombaim-Cochin,1215.72,13
Bombaim-Goa,433.11,7
Bombaim-Tidore,8020.23,72
Bombaim-Sohar,1934.79,20
Bombaim-Trincomalee,2409.67,24
Bombaim-Malaca,4667.45,43
Bombaim-São Tomé de Meliapor,2958.35,28
Bombaim-Negapatão,3156.83,30
Bombaim-Diu,455.87,7
Bombaim-Mascate,1644.88,17
Bombaim-Macau,7533.33,68
Bombaim-Amboíno,7907.42,71
Bombaim-Socotra,2354.25,23
Bombaim-Quiloa,5092.54,47
Bombaim-Porto,18512.67,162
Bombaim-Olinda,15185.22,133
Bombaim-São Jorge dos Ilhéus,15061.82,132
Bombaim-Natal - Capitania do Rio Grande,15025.97,132
Bombaim-Salvador,14947.09,131
Bombaim-Porto Seguro,14942.79,131
Bombaim-Rio de Janeiro,14698.86,129
Bombaim-Vila do Espírito Santo,14641.6,129
Quiloa-Lisboa,14514.89,128
Quiloa-Monte Pascoal - BA,11130.74,99
Quiloa-Cananor,5246.56,48
Quiloa-Ilhas Canárias,13223.09,117
Quiloa-Santiago - Cabo Verde,12053.38,107
Quiloa-Baía de Santa Helena,5213.25,48
Quiloa-Cabo da Boa esperança,5131.35,47
Quiloa-Mossel Bay,5425.73,50
Quiloa-Natal,3444.14,33
Quiloa-Quelimane,3189.6,30
Quiloa-Ilha de moçambique,1508.79,16
Quiloa-Mombaça,658.53,9
Quiloa-Malindi,762.2,9
Quiloa-Goa,5496.33,50
Quiloa-Calicute,5218.61,48
Quiloa-Ceuta,14499,128
Quiloa-Tanger,14295.78,126
Quiloa-Arzila,14329.11,126
Quiloa-Alcácer-Quibir,14377.36,127
Quiloa-Cochin,5115.32,47
Quiloa-Goa,5496.33,50
Quiloa-Tidore,10601.42,94
Quiloa-Sohar,4902.25,45
Quiloa-Trincomalee,5897.14,54
Quiloa-Malaca,8154.92,73
Quiloa-São Tomé de Meliapor,6445.82,58
Quiloa-Negapatão,6644.3,60
Quiloa-Diu,5004.65,46
Quiloa-Mascate,4612.35,43
Quiloa-Macau,11020.8,98
Quiloa-Amboíno,10488.61,93
Quiloa-Socotra,3037.79,29
Quiloa-Bombaim,5092.54,47
Quiloa-Porto,14752.53,130
Quiloa-Olinda,11425.08,101
Quiloa-São Jorge dos Ilhéus,11301.68,100
Quiloa-Natal - Capitania do Rio Grande,11265.83,100
Quiloa-Salvador,11186.96,99
Quiloa-Porto Seguro,11182.66,99
Quiloa-Rio de Janeiro,10938.72,97
Quiloa-Vila do Espírito Santo,10881.47,96
Porto-Lisboa,639.42,8
Porto-Monte Pascoal - BA,7924.01,71
Porto-Cananor,18381.97,161
Porto-Ilhas Canárias,1697.56,17
Porto-Santiago - Cabo Verde,3312.18,31
Porto-Baía de Santa Helena,10022.73,89
Porto-Cabo da Boa esperança,9940.84,88
Porto-Mossel Bay,10235.22,91
Porto-Natal,11498.5,102
Porto-Quelimane,12855.36,113
Porto-Ilha de moçambique,13452.04,119
Porto-Mombaça,14757.78,130
Porto-Malindi,14861.44,131
Porto-Goa,18916.45,166
Porto-Calicute,18354.03,161
Porto-Ceuta,1048.96,12
Porto-Tanger,845.74,10
Porto-Arzila,879.07,10
Porto-Alcácer-Quibir,927.31,11
Porto-Cochin,18250.74,160
Porto-Goa,18916.45,166
Porto-Tidore,22151.35,193
Porto-Sohar,18598.19,163
Porto-Trincomalee,18405.32,161
Porto-Malaca,20456.41,179
Porto-São Tomé de Meliapor,18954,166
Porto-Negapatão,19152.49,168
Porto-Diu,18524.99,162
Porto-Mascate,18308.28,160
Porto-Macau,22875.94,200
Porto-Amboíno,22038.54,192
Porto-Socotra,16733.72,147
Porto-Bombaim,18512.67,162
Porto-Quiloa,14752.53,130
Porto-Olinda,6159.25,56
Porto-São Jorge dos Ilhéus,7094.83,64
Porto-Natal - Capitania do Rio Grande,5999.99,54
Porto-Salvador,6980.11,63
Porto-Porto Seguro,7975.93,71
Porto-Rio de Janeiro,8214.73,74
Porto-Vila do Espírito Santo,7674.74,69
Olinda-Lisboa,5928.54,54
Olinda-Monte Pascoal - BA,2418.07,24
Olinda-Cananor,15054.53,132
Olinda-Ilhas Canárias,4629.81,43
Olinda-Santiago - Cabo Verde,2921.67,28
Olinda-Baía de Santa Helena,6775.56,61
Olinda-Cabo da Boa esperança,6693.66,60
Olinda-Mossel Bay,6988.04,63
Olinda-Natal,8171.05,73
Olinda-Quelimane,9527.91,85
Olinda-Ilha de moçambique,10124.59,90
Olinda-Mombaça,11430.33,101
Olinda-Malindi,11533.99,102
Olinda-Goa,15589,137
Olinda-Calicute,15026.58,132
Olinda-Ceuta,5963.09,54
Olinda-Tanger,5759.87,52
Olinda-Arzila,5793.2,53
Olinda-Alcácer-Quibir,5841.45,53
Olinda-Cochin,14923.29,131
Olinda-Goa,15589,137
Olinda-Tidore,18823.9,165
Olinda-Sohar,15270.74,134
Olinda-Trincomalee,15077.88,133
Olinda-Malaca,17128.96,150
Olinda-São Tomé de Meliapor,15626.55,137
Olinda-Negapatão,15825.04,139
Olinda-Diu,15197.54,134
Olinda-Mascate,14980.83,132
Olinda-Macau,19548.5,171
Olinda-Amboíno,18711.09,164
Olinda-Socotra,13406.27,118
Olinda-Bombaim,15185.22,133
Olinda-Quiloa,11425.08,101
Olinda-Porto,6159.25,56
Olinda-São Jorge dos Ilhéus,1588.89,17
Olinda-Natal - Capitania do Rio Grande,247.94,5
Olinda-Salvador,1474.17,16
Olinda-Porto Seguro,2469.99,24
Olinda-Rio de Janeiro,2708.79,26
Olinda-Vila do Espírito Santo,2168.8,22
São Jorge dos Ilhéus-Lisboa,6864.12,62
São Jorge dos Ilhéus-Monte Pascoal - BA,235.95,5
São Jorge dos Ilhéus-Cananor,14931.12,131
São Jorge dos Ilhéus-Ilhas Canárias,5565.4,51
São Jorge dos Ilhéus-Santiago - Cabo Verde,3857.26,36
São Jorge dos Ilhéus-Baía de Santa Helena,6767.43,61
São Jorge dos Ilhéus-Cabo da Boa esperança,6685.53,60
São Jorge dos Ilhéus-Mossel Bay,6979.91,63
São Jorge dos Ilhéus-Natal,8047.65,72
São Jorge dos Ilhéus-Quelimane,9404.51,84
São Jorge dos Ilhéus-Ilha de moçambique,10001.19,89
São Jorge dos Ilhéus-Mombaça,11306.92,100
São Jorge dos Ilhéus-Malindi,11410.59,101
São Jorge dos Ilhéus-Goa,15465.6,136
São Jorge dos Ilhéus-Calicute,14903.17,131
São Jorge dos Ilhéus-Ceuta,6898.68,62
São Jorge dos Ilhéus-Tanger,6695.46,60
São Jorge dos Ilhéus-Arzila,6728.79,61
São Jorge dos Ilhéus-Alcácer-Quibir,6777.03,61
São Jorge dos Ilhéus-Cochin,14799.88,130
São Jorge dos Ilhéus-Goa,15465.6,136
São Jorge dos Ilhéus-Tidore,18700.5,164
São Jorge dos Ilhéus-Sohar,15147.34,133
São Jorge dos Ilhéus-Trincomalee,14954.47,132
São Jorge dos Ilhéus-Malaca,17005.56,149
São Jorge dos Ilhéus-São Tomé de Meliapor,15503.15,136
São Jorge dos Ilhéus-Negapatão,15701.63,138
São Jorge dos Ilhéus-Diu,15074.14,133
São Jorge dos Ilhéus-Mascate,14857.43,131
São Jorge dos Ilhéus-Macau,19425.09,170
São Jorge dos Ilhéus-Amboíno,18587.69,163
São Jorge dos Ilhéus-Socotra,13282.87,117
São Jorge dos Ilhéus-Bombaim,15061.82,132
São Jorge dos Ilhéus-Quiloa,11301.68,100
São Jorge dos Ilhéus-Porto,7094.83,64
São Jorge dos Ilhéus-Olinda,1588.89,17
São Jorge dos Ilhéus-Natal - Capitania do Rio Grande,1429.64,15
São Jorge dos Ilhéus-Salvador,209.58,5
São Jorge dos Ilhéus-Porto Seguro,183.28,4
São Jorge dos Ilhéus-Rio de Janeiro,1850.79,19
São Jorge dos Ilhéus-Vila do Espírito Santo,1310.8,14
Natal - Capitania do Rio Grande-Lisboa,5769.28,53
Natal - Capitania do Rio Grande-Monte Pascoal - BA,2258.81,22
Natal - Capitania do Rio Grande-Cananor,14895.27,131
Natal - Capitania do Rio Grande-Ilhas Canárias,4470.55,41
Natal - Capitania do Rio Grande-Santiago - Cabo Verde,2762.41,27
Natal - Capitania do Rio Grande-Baía de Santa Helena,6616.3,60
Natal - Capitania do Rio Grande-Cabo da Boa esperança,6534.41,59
Natal - Capitania do Rio Grande-Mossel Bay,6828.79,62
Natal - Capitania do Rio Grande-Natal,8011.8,72
Natal - Capitania do Rio Grande-Quelimane,9368.66,83
Natal - Capitania do Rio Grande-Ilha de moçambique,9965.33,89
Natal - Capitania do Rio Grande-Mombaça,11271.07,100
Natal - Capitania do Rio Grande-Malindi,11374.74,101
Natal - Capitania do Rio Grande-Goa,15429.75,136
Natal - Capitania do Rio Grande-Calicute,14867.32,131
Natal - Capitania do Rio Grande-Ceuta,5803.84,53
Natal - Capitania do Rio Grande-Tanger,5600.62,51
Natal - Capitania do Rio Grande-Arzila,5633.95,51
Natal - Capitania do Rio Grande-Alcácer-Quibir,5682.19,52
Natal - Capitania do Rio Grande-Cochin,14764.03,130
Natal - Capitania do Rio Grande-Goa,15429.75,136
Natal - Capitania do Rio Grande-Tidore,18664.65,163
Natal - Capitania do Rio Grande-Sohar,15111.48,133
Natal - Capitania do Rio Grande-Trincomalee,14918.62,131
Natal - Capitania do Rio Grande-Malaca,16969.71,149
Natal - Capitania do Rio Grande-São Tomé de Meliapor,15467.3,136
Natal - Capitania do Rio Grande-Negapatão,15665.78,138
Natal - Capitania do Rio Grande-Diu,15038.29,132
Natal - Capitania do Rio Grande-Mascate,14821.58,130
Natal - Capitania do Rio Grande-Macau,19389.24,170
Natal - Capitania do Rio Grande-Amboíno,18551.84,162
Natal - Capitania do Rio Grande-Socotra,13247.02,117
Natal - Capitania do Rio Grande-Bombaim,15025.97,132
Natal - Capitania do Rio Grande-Quiloa,11265.83,100
Natal - Capitania do Rio Grande-Porto,5999.99,54
Natal - Capitania do Rio Grande-Olinda,247.94,5
Natal - Capitania do Rio Grande-São Jorge dos Ilhéus,1429.64,15
Natal - Capitania do Rio Grande-Salvador,1314.92,14
Natal - Capitania do Rio Grande-Porto Seguro,2310.73,23
Natal - Capitania do Rio Grande-Rio de Janeiro,2549.53,25
Natal - Capitania do Rio Grande-Vila do Espírito Santo,2009.54,20
Salvador-Lisboa,6749.4,61
Salvador-Monte Pascoal - BA,444.86,7
Salvador-Cananor,14816.4,130
Salvador-Ilhas Canárias,5450.67,50
Salvador-Santiago - Cabo Verde,3742.53,35
Salvador-Baía de Santa Helena,6652.7,60
Salvador-Cabo da Boa esperança,6570.81,59
Salvador-Mossel Bay,6865.19,62
Salvador-Natal,7932.92,71
Salvador-Quelimane,9289.78,83
Salvador-Ilha de moçambique,9886.46,88
Salvador-Mombaça,11192.2,99
Salvador-Malindi,11295.86,100
Salvador-Goa,15350.87,135
Salvador-Calicute,14788.45,130
Salvador-Ceuta,6783.96,61
Salvador-Tanger,6580.74,59
Salvador-Arzila,6614.07,60
Salvador-Alcácer-Quibir,6662.31,60
Salvador-Cochin,14685.16,129
Salvador-Goa,15350.87,135
Salvador-Tidore,18585.78,163
Salvador-Sohar,15032.61,132
Salvador-Trincomalee,14839.75,131
Salvador-Malaca,16890.84,148
Salvador-São Tomé de Meliapor,15388.42,135
Salvador-Negapatão,15586.91,137
Salvador-Diu,14959.42,132
Salvador-Mascate,14742.71,130
Salvador-Macau,19310.37,169
Salvador-Amboíno,18472.96,162
Salvador-Socotra,13168.15,116
Salvador-Bombaim,14947.09,131
Salvador-Quiloa,11186.96,99
Salvador-Porto,6980.11,63
Salvador-Olinda,1474.17,16
Salvador-São Jorge dos Ilhéus,209.58,5
Salvador-Natal - Capitania do Rio Grande,1314.92,14
Salvador-Porto Seguro,389.49,6
Salvador-Rio de Janeiro,1736.06,18
Salvador-Vila do Espírito Santo,1196.07,13
Porto Seguro-Lisboa,7745.21,70
Porto Seguro-Monte Pascoal - BA,61.47,3
Porto Seguro-Cananor,14812.1,130
Porto Seguro-Ilhas Canárias,6446.49,58
Porto Seguro-Santiago - Cabo Verde,4738.35,44
Porto Seguro-Baía de Santa Helena,6648.4,60
Porto Seguro-Cabo da Boa esperança,6566.51,59
Porto Seguro-Mossel Bay,6860.89,62
Porto Seguro-Natal,7928.62,71
Porto Seguro-Quelimane,9285.48,83
Porto Seguro-Ilha de moçambique,9882.16,88
Porto Seguro-Mombaça,11187.9,99
Porto Seguro-Malindi,11291.56,100
Porto Seguro-Goa,15346.57,135
Porto Seguro-Calicute,14784.15,130
Porto Seguro-Ceuta,7779.77,70
Porto Seguro-Tanger,7576.55,68
Porto Seguro-Arzila,7609.88,68
Porto Seguro-Alcácer-Quibir,7658.13,69
Porto Seguro-Cochin,14680.86,129
Porto Seguro-Goa,15346.57,135
Porto Seguro-Tidore,18581.48,163
Porto Seguro-Sohar,15028.31,132
Porto Seguro-Trincomalee,14835.45,130
Porto Seguro-Malaca,16886.54,148
Porto Seguro-São Tomé de Meliapor,15384.13,135
Porto Seguro-Negapatão,15582.61,137
Porto Seguro-Diu,14955.12,132
Porto Seguro-Mascate,14738.41,130
Porto Seguro-Macau,19306.07,169
Porto Seguro-Amboíno,18468.66,162
Porto Seguro-Socotra,13163.85,116
Porto Seguro-Bombaim,14942.79,131
Porto Seguro-Quiloa,11182.66,99
Porto Seguro-Porto,7975.93,71
Porto Seguro-Olinda,2469.99,24
Porto Seguro-São Jorge dos Ilhéus,183.28,4
Porto Seguro-Natal - Capitania do Rio Grande,2310.73,23
Porto Seguro-Salvador,389.49,6
Porto Seguro-Rio de Janeiro,1030.09,12
Porto Seguro-Vila do Espírito Santo,448.94,7
Rio de Janeiro-Lisboa,7984.01,72
Rio de Janeiro-Monte Pascoal - BA,978.17,11
Rio de Janeiro-Cananor,14568.16,128
Rio de Janeiro-Ilhas Canárias,6685.29,60
Rio de Janeiro-Santiago - Cabo Verde,4977.15,46
Rio de Janeiro-Baía de Santa Helena,6404.47,58
Rio de Janeiro-Cabo da Boa esperança,6322.57,57
Rio de Janeiro-Mossel Bay,6616.95,60
Rio de Janeiro-Natal,7684.69,69
Rio de Janeiro-Quelimane,9041.55,81
Rio de Janeiro-Ilha de moçambique,9638.23,86
Rio de Janeiro-Mombaça,10943.96,97
Rio de Janeiro-Malindi,11047.63,98
Rio de Janeiro-Goa,15102.64,133
Rio de Janeiro-Calicute,14540.21,128
Rio de Janeiro-Ceuta,8018.57,72
Rio de Janeiro-Tanger,7815.35,70
Rio de Janeiro-Arzila,7848.68,70
Rio de Janeiro-Alcácer-Quibir,7896.93,71
Rio de Janeiro-Cochin,14436.92,127
Rio de Janeiro-Goa,15102.64,133
Rio de Janeiro-Tidore,18337.54,161
Rio de Janeiro-Sohar,14784.38,130
Rio de Janeiro-Trincomalee,14591.51,128
Rio de Janeiro-Malaca,16642.6,146
Rio de Janeiro-São Tomé de Meliapor,15140.19,133
Rio de Janeiro-Negapatão,15338.67,135
Rio de Janeiro-Diu,14711.18,129
Rio de Janeiro-Mascate,14494.47,128
Rio de Janeiro-Macau,19062.13,167
Rio de Janeiro-Amboíno,18224.73,160
Rio de Janeiro-Socotra,12919.91,114
Rio de Janeiro-Bombaim,14698.86,129
Rio de Janeiro-Quiloa,10938.72,97
Rio de Janeiro-Porto,8214.73,74
Rio de Janeiro-Olinda,2708.79,26
Rio de Janeiro-São Jorge dos Ilhéus,1850.79,19
Rio de Janeiro-Natal - Capitania do Rio Grande,2549.53,25
Rio de Janeiro-Salvador,1736.06,18
Rio de Janeiro-Porto Seguro,1030.09,12
Rio de Janeiro-Vila do Espírito Santo,728.9,9
Vila do Espírito Santo-Lisboa,7444.02,67
Vila do Espírito Santo-Monte Pascoal - BA,391.44,6
Vila do Espírito Santo-Cananor,14510.91,128
Vila do Espírito Santo-Ilhas Canárias,6145.3,56
Vila do Espírito Santo-Santiago - Cabo Verde,4437.16,41
Vila do Espírito Santo-Baía de Santa Helena,6347.21,57
Vila do Espírito Santo-Cabo da Boa esperança,6265.32,57
Vila do Espírito Santo-Mossel Bay,6559.7,59
Vila do Espírito Santo-Natal,7627.43,68
Vila do Espírito Santo-Quelimane,8984.29,80
Vila do Espírito Santo-Ilha de moçambique,9580.97,85
Vila do Espírito Santo-Mombaça,10886.71,97
Vila do Espírito Santo-Malindi,10990.37,97
Vila do Espírito Santo-Goa,15045.38,132
Vila do Espírito Santo-Calicute,14482.96,127
Vila do Espírito Santo-Ceuta,7478.58,67
Vila do Espírito Santo-Tanger,7275.36,65
Vila do Espírito Santo-Arzila,7308.69,66
Vila do Espírito Santo-Alcácer-Quibir,7356.94,66
Vila do Espírito Santo-Cochin,14379.67,127
Vila do Espírito Santo-Goa,15045.38,132
Vila do Espírito Santo-Tidore,18280.29,160
Vila do Espírito Santo-Sohar,14727.12,130
Vila do Espírito Santo-Trincomalee,14534.26,128
Vila do Espírito Santo-Malaca,16585.35,146
Vila do Espírito Santo-São Tomé de Meliapor,15082.93,133
Vila do Espírito Santo-Negapatão,15281.42,134
Vila do Espírito Santo-Diu,14653.92,129
Vila do Espírito Santo-Mascate,14437.22,127
Vila do Espírito Santo-Macau,19004.88,166
Vila do Espírito Santo-Amboíno,18167.47,159
Vila do Espírito Santo-Socotra,12862.66,114
Vila do Espírito Santo-Bombaim,14641.6,129
Vila do Espírito Santo-Quiloa,10881.47,96
Vila do Espírito Santo-Porto,7674.74,69
Vila do Espírito Santo-Olinda,2168.8,22
Vila do Espírito Santo-São Jorge dos Ilhéus,1310.8,14
Vila do Espírito Santo-Natal - Capitania do Rio Grande,2009.54,20
Vila do Espírito Santo-Salvador,1196.07,13
Vila do Espírito Santo-Porto Seguro,448.94,7
Vila do Espírito Santo-Rio de Janeiro,728.9,9
